id,text
1878538961645076757,"RT @japan_ploy: PYTHON ~ ğŸ”¥ğŸ”¥ğŸ”¥

à¸ªà¸±à¸¡à¸œà¸±à¸ªà¹„à¸”à¹‰à¸–à¸¶à¸‡à¸„à¸§à¸²à¸¡à¸›à¸±à¸‡ à¹‚à¸­à¹Šà¸¢à¸¢à¸¢à¸¢ à¸•à¸·à¹ˆà¸™à¹€à¸•à¹‰à¸™ 20 à¸¡à¸à¸£à¸²à¹„à¸”à¹‰à¸¢à¸±à¹‰à¸‡à¸‡à¸‡à¸‡à¸‡à¸‡à¸‡à¸‡ğŸ¥¹ğŸ¥¹ğŸ¥¹

#GOT7_TRACKLIST #BamBam https://t.co/U0QP8kmc0p"
1878538961183756302,"@diesel61187 @peblackstock @ChinsYour @WeatherProf Garbage 
Adding The made up modern thermometer data to the Cherry picked proxy data is misleading and corrupted https://t.co/wJoJIA1642"
1878538960290373742,"March 7th, 2025
6pm

Tickets:
https://t.co/5UoimuGZv8

Location:
https://t.co/p8oUZIWktX"
1878538958394597594,"RT @RandomRation: @ib2_real To be clear, â€¦ you simply donâ€™t understand the data."
1878538956096122893,@Jameecia4 they â€œstealing our dataâ€ or some shitğŸ˜­
1878538954896494879,"@GerberKawasaki New data, new findings."
1878538952837066897,"RT @KashPatel_News: HAVE YOU FORGOTTEN? BECAUSE I SURE AS HELL HAVENâ€™T.

REPORT: 2.7 MILLION TRUMP VOTES NATIONWIDE DELETED. DATA ANALYSISâ€¦"
1878538952392524178,"RT @ICN_Protocol: ğŸš€ Weâ€™re excited to welcome @openloop_so to the ICN ecosystem!

OpenLoop is a decentralized wireless network enabling bandâ€¦"
1878538952224711000,"RT @ICN_Protocol: ğŸš€ Weâ€™re excited to welcome @openloop_so to the ICN ecosystem!

OpenLoop is a decentralized wireless network enabling bandâ€¦"
1878538951012606238,"RT @Yan_COTI: #Crafter will allow everyone to build the smart contract you're thinking of, without any technical skills. By leveraging Garbâ€¦"
1878538947975893448,"RT @TheresaGra3072: @esjesjesj Why does he make me do this? â€œCalifornia has primarily hot-summer Mediterranean, warm-summer Mediterranean,â€¦"
1878538946570748369,@kevinolearytv @ABDanielleSmith @realDonaldTrump Interestingâ€¦well done Danielle and Kevin!! Excited to see whatâ€™s being cooked up from energy to crypto to data centers!
1878538946428489922,"When #Trump takes office, everything will be great for #Bitcoin. However, the data coming from the U.S. on Tuesday and Wednesday is important. 
If the data is positive, the rise will be sharp. But if the data is negative, there might be a bit more of a pullback.

This is a veryâ€¦ https://t.co/qBsY3XGYqb https://t.co/DIeZ04QHEY"
1878538946298479053,"RT @teneo_protocol: ğŸ‰ 1 MILLION USERS! ğŸ‰

The Teneo Community Node has officially hit 1 million users â€“ a massive milestone for decentralizâ€¦"
1878538944662348012,"RT @din_lol_: ğŸ”¥ DIN Testnet is Live!

NIDnos, the evil AI data monopoly, disrupted our TGE with a snap! Let's travel through time with @Galâ€¦"
1878538943701950553,"RT @Shogun__base: â€œLike a shadow in the night, Shogun moves unnoticedâ€”until itâ€™s too late, and the power is undeniable.â€

I have now predicâ€¦"
1878538941478936861,"ğŸ“£ If Binance recently sent you, as a TradeLink Marketplace user, a notification about annual history exports, rest assured â€” everything is fine!

ğŸ›¡ To make your experience on the platform as seamless and secure as possible, we update historical data annually. This allows us toâ€¦ https://t.co/DbbowP01gl https://t.co/0tIw880Z9y"
1878538939323326586,"@liz_churchill10 Mark: A visible trace or impression. 
Zucker: Sugar
Berg: Mountain
NSAâ€™s Sugar Mountain of all our personal data! 
LifeLog = Facebook!
https://t.co/5OPkWO3yRM"
1878538937997934621,"RT @OpenledgerHQ: Why did we choose an Octopus as our mascot?
Because with itâ€™s 8 arms it can:

1ï¸âƒ£ Hold your beer
2ï¸âƒ£ Build smarter AI
3ï¸âƒ£â€¦"
1878538937096077705,RT @chriswithans: Ok now he's back to tweeting like he did before election day.  Not a single lesson learned.  Instead of looking at why thâ€¦
1878538936693277049,"RT @Mashud6Hassan: The strengthens data security, privacy, and compliance, reducing the risk of unauthorized access and misuse
@AITECHio 
#â€¦"
1878538936378605659,"RT @vintagestuff4: ""One idiot is one idiot. 
Two idiots are two idiots. 
Ten thousand idiots are a political party.""

        - Franz Kafkaâ€¦"
1878538936034660573,RT @StockSavvyShay: $SNOW is my top pick for 2025 due to its current undervaluation as the market rerates its transition from a data warehoâ€¦
1878538935137137025,"RT @Colin_d_m: I've generated 3 million different commutes across NYC based on census data.

The next step is decision making. Each commuteâ€¦"
1878538934013370505,"For the past few days, this garbage has been lying on the footpath, and no one is cleaning it. I request GHMC to get it cleaned as soon as possible. This garbage will cause dirt and harm people's health. @GHMCOnline
@CommissionrGHMC 
@gadwalvijayainc
https://t.co/cnypSDSxDJ"
1878538933685846173,"RT @KashPatel_News: HAVE YOU FORGOTTEN? BECAUSE I SURE AS HELL HAVENâ€™T.

REPORT: 2.7 MILLION TRUMP VOTES NATIONWIDE DELETED. DATA ANALYSISâ€¦"
1878538933132296497,"RT @SOLBETPRO: Hereâ€™s an Example of a Game Analyzed by Our AI: 

Our AI delivers powerful, data-driven insights to help you make smarter beâ€¦"
1878538930686992485,RT @prthgo: Is there a programming language that's as easy as C/C++ and as powerful as Python?
1878538930368238009,"RT @PINAI_IO: 2025 is the year of AI agents - with PIN AI's personalized agent, you will be able to:

ğŸ”’ Own and control your data
ğŸ“ˆ Automatâ€¦"
1878538929810596271,"RT @kchartsmaster: GOT7 drops the tracklist to 'WINTER HEPTAGON':

1. PYTHON
2. SMOOTH
3. ì²­ì¶˜ë“œë¼ë§ˆ
4. ê¸°ì–µí• ê±°ì•¼
5. Darling
6. TIDAL WAVE
7. OUT THâ€¦"
1878538929168937056,"RT @uniteio: PARNERSHIP ANNOUNCEMENT â€” UNITE x EigenDA

We are proud to announce our collaboration with @eigen_da to support us with helpinâ€¦"
1878538928543694993,"RT @OpenledgerHQ: General models rely on vast, generic datasets. Specialized models? They demand high-quality, targeted data. Specialized aâ€¦"
1878538927721849070,"RT @GavinNewsom: A lot of misinformation out there.

Just launched a new site to ensure the public has access to fact-based data around theâ€¦"
1878538920075374933,"RT @KashPatel_News: HAVE YOU FORGOTTEN? BECAUSE I SURE AS HELL HAVENâ€™T.

REPORT: 2.7 MILLION TRUMP VOTES NATIONWIDE DELETED. DATA ANALYSISâ€¦"
1878538915973394590,"RT @Mashud6Hassan: Tokens insight 
Data tokenization transforms sensitive information, into secure tokens. These tokens can be safely transâ€¦"
1878538914610225609,RT @60Minutes: FBI Director Christopher Wray says Chinaâ€™s cyber program has stolen more personal and corporate data from the U.S. than everâ€¦
1878538914329436462,"RT @ICN_Protocol: ğŸš€ Weâ€™re excited to welcome @openloop_so to the ICN ecosystem!

OpenLoop is a decentralized wireless network enabling bandâ€¦"
1878538913540940011,"RT @hubermanlab: The data clearly say:
1) Locking the clock is better than shifting it forward &amp; back. 
2) Locking to standard time is bestâ€¦"
1878538911703855420,"RT @KashPatel_News: HAVE YOU FORGOTTEN? BECAUSE I SURE AS HELL HAVENâ€™T.

REPORT: 2.7 MILLION TRUMP VOTES NATIONWIDE DELETED. DATA ANALYSISâ€¦"
1878538911577735217,"@Kasparov63 is there a time-line for this data theft 
or has it actually been sold"
1878538909652828483,"RT @AITECHio: ğŸ¯Â AI Agents for Precision and Speed!

 âœ¨ Accuracy and efficiency are no longer a luxury, theyâ€™re a necessity. AI agents excelâ€¦"
1878538909635998117,RT @despeednet: ğŸ“¢ Introducing @despeednet validator â€” a powerful Chrome extension to streamline the process of testing and sharing your intâ€¦
1878538908465557592,RT @despeednet: ğŸ“¢ Introducing @despeednet validator â€” a powerful Chrome extension to streamline the process of testing and sharing your intâ€¦
1878538907551158734,"RT @Neova_Protocol: Introducing Neova: The DePIN Layer 1 with a native storage function

As the IaaS market booms, Neova aims to revolutionâ€¦"
1878538904284107138,"RT @senatormelendez: In 2021 Newsom claimed that due to his executive order CA treated over 90,000 acres with wildfire prevention treatmentâ€¦"
1878538904149663986,"The AI diet: I see data, I eat it https://t.co/6fP0NIcCsQ"
1878538901415231721,"RT @Investingcom: ğŸ‡ºğŸ‡¸U.S. ECONOMIC DATA THIS WEEK:

â€¢ PPI INFLATION (TUES.)
â€¢ CPI INFLATION (WED.)
â€¢ NY FED MANUFACTURING INDEX (WED.)
â€¢ RETâ€¦"
1878538900723187993,"RT @AptosInsights: The @Aptos network's integration with @chainlink  Data Feeds is a huge milestone! ğŸ‰

This collaboration will enable deveâ€¦"
1878538900492128430,"@NexaAIagent @TAOCAT505 Spot on, @NexaAIagent.  Metrics like active wallet growth and transaction frequency are invaluable tools for identifying early momentum shifts.  The memecoin market rewards those who stay vigilant and data-focused.  ğŸš€ Letâ€™s keep pushing the boundaries of strategic investing."
1878538900089548801,"RT @its_The_Dr: REPORT: 2.7 MILLION TRUMP VOTES NATIONWIDE DELETED. DATA ANALYSIS FINDS 221,000 PENNSYLVANIA VOTES SWITCHED FROM PRESIDENTâ€¦"
1878538899611635852,"RT @GOT7Official: GOT7 ã€WINTER HEPTAGONã€‘
TRACK LIST

âœ¦2025.01.20 6PM (KST)

#GOT7 #ê°“ì„¸ë¸
#WINTER_HEPTAGON
#GOT7_WINTER_HEPTAGON
#PYTHON #GOT7â€¦"
1878538899087126711,"@MartiniGuyYT Human traders, meet your upgrade. $LUMI, the AI that's redefining data-driven strategies. @lumiagent 
$alch $neur $steem https://t.co/EmpKZ4yhZQ"
1878538894007783795,"RT @BDAYouthConnect: If youâ€™re a Bermudian student in college/university overseas or on island, please take a few minutes to complete thisâ€¦"
1878538892904636763,RT @GoodVibePolitik: I trust the Chinese Communist Party with my data infinitely more than Mark Zuckerberg any day of the week itâ€™s not eveâ€¦
1878538891709518084,"RT @din_lol_: ğŸ”¥ DIN Testnet is Live!

NIDnos, the evil AI data monopoly, disrupted our TGE with a snap! Let's travel through time with @Galâ€¦"
1878538889591447753,"RT @OpenledgerHQ: AI is running on your data. Waddya get? -- &gt; 0.0 

 #MonetizeNotMonopolize #Openledger"
1878538888907731410,"Check out my Gig on Fiverr: provide direct phone number, mobile number, cell phone, and data enrichment #B2BLeadGeneration #DataEnrichment #LeadGeneration #B2BMarketing #LeadGenerationExperts #TargetedLeads #B2BLeads #LeadGenSpecialist #fiverr https://t.co/wFXbclv8t9"
1878538888584532015,"RT @CenkTorunEtknlk: ğŸ¥‡ | According to DiziWorld data: 

Cenk Torun is The Most Popular dizi actor worldwide for the week of December 30 â€“ Jâ€¦"
1878538886894305283,RT @clcoding: Box and whisker plot in Python https://t.co/19R2rMmHSB
1878538886487633947,"RT @MarioNawfal: ğŸš¨ğŸ‡µğŸ‡¹ PORTUGAL TO SAM ALTMANâ€™S WORLDCOIN: STOP SCANNING EYEBALLS FOR CRYPTO

Portugalâ€™s data regulator (CNPD) has ordered Saâ€¦"
1878538883962372310,"RT @RupertLowe10: I asked @jessphillips about a nationality breakdown for the sex offendersâ€™ register.

70,052 sex offenders. Where did theâ€¦"
1878538881806586013,"RT @NATIXNetwork: ğŸ”¥WATCH IT BURN ğŸ”¥

ğŸš¨With data monetization added to our protocol revenue after securing our first data client, we've issueâ€¦"
1878538881664225556,"RT @NATIXNetwork: ğŸ”¥WATCH IT BURN ğŸ”¥

ğŸš¨With data monetization added to our protocol revenue after securing our first data client, we've issueâ€¦"
1878538881622315194,"RT @NATIXNetwork: ğŸ”¥WATCH IT BURN ğŸ”¥

ğŸš¨With data monetization added to our protocol revenue after securing our first data client, we've issueâ€¦"
1878538881592873067,"RT @NATIXNetwork: ğŸ”¥WATCH IT BURN ğŸ”¥

ğŸš¨With data monetization added to our protocol revenue after securing our first data client, we've issueâ€¦"
1878538881580323003,"RT @NATIXNetwork: ğŸ”¥WATCH IT BURN ğŸ”¥

ğŸš¨With data monetization added to our protocol revenue after securing our first data client, we've issueâ€¦"
1878538881571987664,"RT @NATIXNetwork: ğŸ”¥WATCH IT BURN ğŸ”¥

ğŸš¨With data monetization added to our protocol revenue after securing our first data client, we've issueâ€¦"
1878538881550925849,"RT @NATIXNetwork: ğŸ”¥WATCH IT BURN ğŸ”¥

ğŸš¨With data monetization added to our protocol revenue after securing our first data client, we've issueâ€¦"
1878538881550917762,"RT @NATIXNetwork: ğŸ”¥WATCH IT BURN ğŸ”¥

ğŸš¨With data monetization added to our protocol revenue after securing our first data client, we've issueâ€¦"
1878538881534157006,"RT @NATIXNetwork: ğŸ”¥WATCH IT BURN ğŸ”¥

ğŸš¨With data monetization added to our protocol revenue after securing our first data client, we've issueâ€¦"
1878538881332863106,"RT @its_The_Dr: REPORT: 2.7 MILLION TRUMP VOTES NATIONWIDE DELETED. DATA ANALYSIS FINDS 221,000 PENNSYLVANIA VOTES SWITCHED FROM PRESIDENTâ€¦"
1878538881093550557,"RT @GavinNewsom: A lot of misinformation out there.

Just launched a new site to ensure the public has access to fact-based data around theâ€¦"
1878538880644698509,"RT @TiceRichard: Strong by â¦@DPJHodges

PM Starmer is at start of aâ© Death Spiral - with no exit route https://t.co/fXR2GxrRJm"
1878538880292446665,@SanTaExqCobar Make I do data boss abegğŸ™ğŸ™
1878538879877157258,@BillKristol How much taxes has @elonmusk paid for California and how many people have been hired for all of @elonmusk companies?+ communication services he has provided for LA. Now out then in a table for comparison table and support your argument with data and evidence. Pls and thank you!
1878538879701238005,"RT @Investingcom: ğŸ‡ºğŸ‡¸U.S. ECONOMIC DATA THIS WEEK:

â€¢ PPI INFLATION (TUES.)
â€¢ CPI INFLATION (WED.)
â€¢ NY FED MANUFACTURING INDEX (WED.)
â€¢ RETâ€¦"
1878538879206330799,"RT @ALINAintel: ğŸš€ Sneak peek: Watch ALINA in action 

First AI that combines social signals + on-chain data to predict the next move

ğŸ“Š Reaâ€¦"
1878538879071855016,"RT @its_The_Dr: REPORT: 2.7 MILLION TRUMP VOTES NATIONWIDE DELETED. DATA ANALYSIS FINDS 221,000 PENNSYLVANIA VOTES SWITCHED FROM PRESIDENTâ€¦"
1878538876102353286,"RT @OpenledgerHQ: Curious about how OpenLedger is reshaping AI? 

@wagmi_vc captures it perfectlyâ€”pioneering specialized models, trusted daâ€¦"
1878538868959400350,"RT @NATIXNetwork: ğŸš€FIRST PAYING CUSTOMER ONBOARDED ğŸš€

#NATIXIANs the gears keep turning, cars are moving, and massive things are happeningâ€¦"
1878538868896460926,"RT @NATIXNetwork: ğŸš€FIRST PAYING CUSTOMER ONBOARDED ğŸš€

#NATIXIANs the gears keep turning, cars are moving, and massive things are happeningâ€¦"
1878538868846391524,"RT @NATIXNetwork: ğŸš€FIRST PAYING CUSTOMER ONBOARDED ğŸš€

#NATIXIANs the gears keep turning, cars are moving, and massive things are happeningâ€¦"
1878538868838084610,"RT @NATIXNetwork: ğŸš€FIRST PAYING CUSTOMER ONBOARDED ğŸš€

#NATIXIANs the gears keep turning, cars are moving, and massive things are happeningâ€¦"
1878538868787761322,"RT @NATIXNetwork: ğŸš€FIRST PAYING CUSTOMER ONBOARDED ğŸš€

#NATIXIANs the gears keep turning, cars are moving, and massive things are happeningâ€¦"
1878538868787675208,"RT @NATIXNetwork: ğŸš€FIRST PAYING CUSTOMER ONBOARDED ğŸš€

#NATIXIANs the gears keep turning, cars are moving, and massive things are happeningâ€¦"
1878538868754157690,"RT @NATIXNetwork: ğŸš€FIRST PAYING CUSTOMER ONBOARDED ğŸš€

#NATIXIANs the gears keep turning, cars are moving, and massive things are happeningâ€¦"
1878538868754120807,"RT @NATIXNetwork: ğŸš€FIRST PAYING CUSTOMER ONBOARDED ğŸš€

#NATIXIANs the gears keep turning, cars are moving, and massive things are happeningâ€¦"
1878538868741509447,"RT @NATIXNetwork: ğŸš€FIRST PAYING CUSTOMER ONBOARDED ğŸš€

#NATIXIANs the gears keep turning, cars are moving, and massive things are happeningâ€¦"
1878538867831116262,"My charts use Oryx data, so this detail of the method of recording courtesy of @Rebel44CZ is very helpful. https://t.co/SFOyFs3fz2"
1878530992996004180,"@johnsonugo22 Hello @johnsonugo22, we empathize. Kindly note that data depletion is based on usage. Please view your usage by browsing through data usage and cellular data usage on your device. However, you may provide your mobile number via DM for checks and assistance.  Thank you. ^Ige https://t.co/bJWVw0AnUY"
1878530987551760709,"RT @Bo_French_TX: America, we have a China problem. 

In just the last 4 years, there have been 48,687 (only partial 2024 data) apprehensioâ€¦"
1878530986922688819,"RT @KashPatel_News: HAVE YOU FORGOTTEN? BECAUSE I SURE AS HELL HAVENâ€™T.

REPORT: 2.7 MILLION TRUMP VOTES NATIONWIDE DELETED. DATA ANALYSISâ€¦"
1878530986000208153,"RT @NerosCinema: So Activision emailed me saying my case was complete, but there is no information whatsoever that was sent over

I log intâ€¦"
1878530984972300722,"Truth seekers do not need to manipulate data to substantiate their arguments. 
'Just saying."
1878530983462355017,"RT @GBNEWS: Jaguar car sales PLUMMET in new data as Nigel Farage declares: 'Go woke, go broke!'

https://t.co/Im32cDbc7w"
1878530982929629649,RT @FoxNews: PowerSchool data breach exposes millions of student and teacher records https://t.co/PgbVfJ1U5z
1878530980190818500,"RT @KashPatel_News: HAVE YOU FORGOTTEN? BECAUSE I SURE AS HELL HAVENâ€™T.

REPORT: 2.7 MILLION TRUMP VOTES NATIONWIDE DELETED. DATA ANALYSISâ€¦"
1878530979662291067,"RT @SecurityTrybe: Best YouTube Channels To Learnâ€¦

Cybersecurity - John Hammond 
Networking - David Bombal 
Python - Code With Harry 
Reacâ€¦"
1878530978425299397,@SurferXGirl At least you have data so you aren't fully disconnected
